train,cleaning windows,cleaning windows_train_0_-3as098jwNs_0_10,223
train,cleaning windows,cleaning windows_train_100_Ak-acl4V_Dg_22_10,300
train,cleaning windows,cleaning windows_train_10_0W-9pcw4eVk_1_10,300
train,cleaning windows,cleaning windows_train_11_0zVMhLOCHK0_44_10,250
train,cleaning windows,cleaning windows_train_12_1AwSUOEWCm8_6_10,294
train,cleaning windows,cleaning windows_train_13_1bteK12xDbk_6_10,89
train,cleaning windows,cleaning windows_train_14_1gl9-Ougcds_64_10,300
train,cleaning windows,cleaning windows_train_15_1JaTmLAk8fI_29_10,210
train,cleaning windows,cleaning windows_train_16_1miRhc68lXg_68_10,250
train,cleaning windows,cleaning windows_train_17_1NAqrWjtSsU_12_10,300
train,cleaning windows,cleaning windows_train_18_1nwwmR2WwMs_142_10,150
train,cleaning windows,cleaning windows_train_19_1OGK-imXrZY_109_10,300
train,cleaning windows,cleaning windows_train_1_-9QfMtbGuq0_6_10,150
train,cleaning windows,cleaning windows_train_20_1P5aFbGIstQ_0_10,300
train,cleaning windows,cleaning windows_train_21_1V7hNKfL5AA_1_10,300
train,cleaning windows,cleaning windows_train_22_2bKRtT17kCo_0_10,300
train,cleaning windows,cleaning windows_train_23_2QptL8XKS_A_18_10,236
train,cleaning windows,cleaning windows_train_24_2SjXYF1Hldw_2_10,300
train,cleaning windows,cleaning windows_train_25_2Vvst6KU7Y4_2_10,300
train,cleaning windows,cleaning windows_train_26_31gVOpImdAc_5_10,300
train,cleaning windows,cleaning windows_train_27_325vnAXBH-Y_26_10,300
train,cleaning windows,cleaning windows_train_28_3ChujhMPNNY_20_10,250
train,cleaning windows,cleaning windows_train_29_3hDyxmLyFiQ_0_10,300
train,cleaning windows,cleaning windows_train_2_-aiv4HXm1Cw_33_10,300
train,cleaning windows,cleaning windows_train_30_3k4HsWWnFUk_5_10,200
train,cleaning windows,cleaning windows_train_31_3pslXmiWK0s_21_10,250
train,cleaning windows,cleaning windows_train_32_3QbjulpJpHc_1_10,150
train,cleaning windows,cleaning windows_train_33_3tm_izpf9tM_0_10,300
train,cleaning windows,cleaning windows_train_34_3YicUG2AEVw_2_10,300
train,cleaning windows,cleaning windows_train_35_41xplwlStkE_52_10,300
train,cleaning windows,cleaning windows_train_36_47VWyzTvoJk_110_10,300
train,cleaning windows,cleaning windows_train_37_4A26CrkVcrM_50_10,121
train,cleaning windows,cleaning windows_train_38_4cje60AgMGA_4_10,250
train,cleaning windows,cleaning windows_train_39_4FEWqn7ymAw_382_10,300
train,cleaning windows,cleaning windows_train_3_-N8D6C1qpgg_38_10,230
train,cleaning windows,cleaning windows_train_40_4J1mXPXgcn4_36_10,250
train,cleaning windows,cleaning windows_train_41_4mNQnefNXfs_36_10,300
train,cleaning windows,cleaning windows_train_42_4ovJP4rM_V8_171_10,300
train,cleaning windows,cleaning windows_train_43_4TykNIWPyuM_15_10,300
train,cleaning windows,cleaning windows_train_44_4uzLANPUwuo_50_10,288
train,cleaning windows,cleaning windows_train_45_4Z_EBZK1aRg_92_10,300
train,cleaning windows,cleaning windows_train_46_53TGKEtSLRw_3_10,300
train,cleaning windows,cleaning windows_train_47_53V5vngOkAA_6_10,300
train,cleaning windows,cleaning windows_train_48_5bqMpW3p8Dg_0_10,240
train,cleaning windows,cleaning windows_train_49_5C2kLm4knGA_122_10,300
train,cleaning windows,cleaning windows_train_4_-NqPpXchVtM_25_10,300
train,cleaning windows,cleaning windows_train_50_5dT06rY_lek_12_10,300
train,cleaning windows,cleaning windows_train_51_5E49bN8e_xo_40_10,300
train,cleaning windows,cleaning windows_train_52_5jkAoaIqxaY_0_10,300
train,cleaning windows,cleaning windows_train_53_5pxAUWSBBJ8_3_10,300
train,cleaning windows,cleaning windows_train_54_5UbuGkqB7A8_16_10,250
train,cleaning windows,cleaning windows_train_55_5wEhRk2zutU_12_10,300
train,cleaning windows,cleaning windows_train_56_5_yDLlf5h0Y_0_10,300
train,cleaning windows,cleaning windows_train_57_6FoDH_nRof8_0_10,300
train,cleaning windows,cleaning windows_train_58_6gcRLtNjbP4_0_10,300
train,cleaning windows,cleaning windows_train_59_6gv-3cacjbM_69_10,240
train,cleaning windows,cleaning windows_train_5_03gAHbIaB2Q_9_10,150
train,cleaning windows,cleaning windows_train_60_6IVxrILnnPI_0_10,300
train,cleaning windows,cleaning windows_train_61_6K2BvhQmyMk_17_10,300
train,cleaning windows,cleaning windows_train_62_6KIMe5-jCmI_10_10,300
train,cleaning windows,cleaning windows_train_63_6Kw_MKhwsBc_47_10,240
train,cleaning windows,cleaning windows_train_64_6Q5aNScn0pI_22_10,296
train,cleaning windows,cleaning windows_train_65_6r3bicUnY9M_87_10,300
train,cleaning windows,cleaning windows_train_66_6s7SUykCQZU_43_10,300
train,cleaning windows,cleaning windows_train_67_6Sl20ruDwy0_0_10,250
train,cleaning windows,cleaning windows_train_68_7FDGPb37XM0_10_10,300
train,cleaning windows,cleaning windows_train_69_7LEPwmKL0oc_11_10,90
train,cleaning windows,cleaning windows_train_6_0CQ6_x_PItI_0_10,300
train,cleaning windows,cleaning windows_train_70_7lXSIRaN37I_60_10,300
train,cleaning windows,cleaning windows_train_71_7ptg_rjXya4_26_10,150
train,cleaning windows,cleaning windows_train_72_7Q9DDWUfUm8_67_10,250
train,cleaning windows,cleaning windows_train_73_7TULYhInTBo_42_10,240
train,cleaning windows,cleaning windows_train_74_7YlKkt5f1-0_29_10,300
train,cleaning windows,cleaning windows_train_75_8bTBTvTnCWc_23_10,300
train,cleaning windows,cleaning windows_train_76_8D53JaRR2sg_12_10,250
train,cleaning windows,cleaning windows_train_77_8FVLy9F58OI_3_10,300
train,cleaning windows,cleaning windows_train_78_8SfpSwQzeX0_29_10,300
train,cleaning windows,cleaning windows_train_79_8U26eEenpQo_1_10,300
train,cleaning windows,cleaning windows_train_7_0KN0jPgapvI_3_10,300
train,cleaning windows,cleaning windows_train_80_8WYy9I0b_vY_88_10,300
train,cleaning windows,cleaning windows_train_81_8zh8kQ1TUsY_86_10,300
train,cleaning windows,cleaning windows_train_82_91-vOPhmt_E_9_10,300
train,cleaning windows,cleaning windows_train_83_97zgg7T6Azo_2_10,300
train,cleaning windows,cleaning windows_train_84_98ZbIb9j-gw_1_10,300
train,cleaning windows,cleaning windows_train_85_9aO6RUZnKZk_0_10,111
train,cleaning windows,cleaning windows_train_86_9bjcchqedoc_32_10,300
train,cleaning windows,cleaning windows_train_87_9eh5kP6e4Nw_9_10,240
train,cleaning windows,cleaning windows_train_88_9eHPN8XwT2k_62_10,300
train,cleaning windows,cleaning windows_train_89_9erA3aI6BzE_149_10,300
train,cleaning windows,cleaning windows_train_8_0U1txwiWKEY_79_10,300
train,cleaning windows,cleaning windows_train_90_9KCSyQq1ohk_2_10,300
train,cleaning windows,cleaning windows_train_91_9KIDh--PYvA_166_10,300
train,cleaning windows,cleaning windows_train_92_9lCaht4Traw_63_10,250
train,cleaning windows,cleaning windows_train_93_9lTG0_dXaqI_2_10,250
train,cleaning windows,cleaning windows_train_94_9MLIpyPyoNg_0_10,179
train,cleaning windows,cleaning windows_train_95_9tRBb5HAMAs_3_10,300
train,cleaning windows,cleaning windows_train_96_9UedEpRWPpk_15_10,300
train,cleaning windows,cleaning windows_train_97_9_6DB46Y8_k_25_10,300
train,cleaning windows,cleaning windows_train_98_A246nwHMfSY_35_10,300
train,cleaning windows,cleaning windows_train_99_AHv_WE79eWY_19_10,250
train,cleaning windows,cleaning windows_train_9_0v7Xlfa3twQ_65_10,300
train,extinguishing fire,extinguishing fire_train_0_-40wt84OhEQ_1_10,300
train,extinguishing fire,extinguishing fire_train_100_ElxBWlZj8cY_12_10,300
train,extinguishing fire,extinguishing fire_train_10_0STCpJQWyto_164_10,300
train,extinguishing fire,extinguishing fire_train_11_10pl8VN2Un4_51_10,300
train,extinguishing fire,extinguishing fire_train_12_17Aso9nG3N0_2_10,300
train,extinguishing fire,extinguishing fire_train_13_1BHcSAq57zA_30_10,300
train,extinguishing fire,extinguishing fire_train_14_1P8hnI3tglU_0_10,300
train,extinguishing fire,extinguishing fire_train_15_1RWLlXFPWk4_95_10,300
train,extinguishing fire,extinguishing fire_train_16_1V-OV8xfTpc_62_10,250
train,extinguishing fire,extinguishing fire_train_17_1wyEhH6Y_H8_7_10,300
train,extinguishing fire,extinguishing fire_train_18_2C8o2-bQ9js_0_10,230
train,extinguishing fire,extinguishing fire_train_19_2qFs_fiAVXM_1026_10,250
train,extinguishing fire,extinguishing fire_train_1_-6J2Clqk394_4_10,300
train,extinguishing fire,extinguishing fire_train_20_2RW_JVmGTBQ_35_10,250
train,extinguishing fire,extinguishing fire_train_21_3BePpXDlx24_15_10,261
train,extinguishing fire,extinguishing fire_train_22_3FMU6tkNCAY_156_10,200
train,extinguishing fire,extinguishing fire_train_23_3ge0KRtjShw_291_10,300
train,extinguishing fire,extinguishing fire_train_24_3uckqkH5hSE_8_10,300
train,extinguishing fire,extinguishing fire_train_25_3yJeAFSiXPQ_1_10,300
train,extinguishing fire,extinguishing fire_train_26_40AqpJ5Hujo_160_10,300
train,extinguishing fire,extinguishing fire_train_27_489JxlP6r4M_65_10,300
train,extinguishing fire,extinguishing fire_train_28_4AmJHP2yhr8_30_10,243
train,extinguishing fire,extinguishing fire_train_29_4OFc9jFyMk8_16_10,300
train,extinguishing fire,extinguishing fire_train_2_-eHubaNaDA0_104_10,300
train,extinguishing fire,extinguishing fire_train_30_4SWSaogyWSg_0_10,300
train,extinguishing fire,extinguishing fire_train_31_4w8jwNF9BfI_190_10,300
train,extinguishing fire,extinguishing fire_train_32_4Yp4wR-Oq4w_7_10,300
train,extinguishing fire,extinguishing fire_train_33_5-tFBqclERA_72_10,300
train,extinguishing fire,extinguishing fire_train_34_51_Di_MiHSM_3_10,300
train,extinguishing fire,extinguishing fire_train_35_57CInEnHCBg_123_10,240
train,extinguishing fire,extinguishing fire_train_36_57pmyoP3OpA_211_10,290
train,extinguishing fire,extinguishing fire_train_37_583-QtGJmkE_0_10,300
train,extinguishing fire,extinguishing fire_train_38_5ahVW6y8S3I_39_10,300
train,extinguishing fire,extinguishing fire_train_39_5dOFLQsoAJw_197_10,300
train,extinguishing fire,extinguishing fire_train_3_-GffAGuD8Ac_88_10,300
train,extinguishing fire,extinguishing fire_train_40_5GL_-KF4_A4_2_10,300
train,extinguishing fire,extinguishing fire_train_41_5QxoNKv_MPw_415_10,300
train,extinguishing fire,extinguishing fire_train_42_5qyRUu2hriM_6_10,248
train,extinguishing fire,extinguishing fire_train_43_5R8_DQwgi24_22_10,250
train,extinguishing fire,extinguishing fire_train_44_5rvMKzQ2JvA_195_10,300
train,extinguishing fire,extinguishing fire_train_45_5SxA8egAal0_0_10,250
train,extinguishing fire,extinguishing fire_train_46_67jXAbkuUkU_414_10,300
train,extinguishing fire,extinguishing fire_train_47_6aerO_hlpUw_25_10,250
train,extinguishing fire,extinguishing fire_train_48_6dawn_FkHbA_31_10,300
train,extinguishing fire,extinguishing fire_train_49_6vPUixPvDmQ_0_10,300
train,extinguishing fire,extinguishing fire_train_4_-HTSu7LEGLI_13_10,241
train,extinguishing fire,extinguishing fire_train_50_7bBfF5IaAwI_0_10,196
train,extinguishing fire,extinguishing fire_train_51_7D-mvJvrdw8_11_10,300
train,extinguishing fire,extinguishing fire_train_52_7yj1Kxk8Kek_51_10,300
train,extinguishing fire,extinguishing fire_train_53_7YOLVYzumy4_28_10,300
train,extinguishing fire,extinguishing fire_train_54_84nB9gR_HlI_23_10,243
train,extinguishing fire,extinguishing fire_train_55_8bNo_GL-oEk_0_10,300
train,extinguishing fire,extinguishing fire_train_56_8ThiNg4P6v8_252_10,300
train,extinguishing fire,extinguishing fire_train_57_8uR6-qaeIb0_63_10,300
train,extinguishing fire,extinguishing fire_train_58_90vFhiY0oSc_77_10,300
train,extinguishing fire,extinguishing fire_train_59_95SHAqZBh2Y_46_10,300
train,extinguishing fire,extinguishing fire_train_5_-LLl_b7z-5E_18_10,250
train,extinguishing fire,extinguishing fire_train_60_9BU8nHVmB8o_3_10,240
train,extinguishing fire,extinguishing fire_train_61_9DGKka9v05g_90_10,300
train,extinguishing fire,extinguishing fire_train_62_9DwiAeEbQuo_139_10,300
train,extinguishing fire,extinguishing fire_train_63_9FVZ2yEB9Mk_29_10,240
train,extinguishing fire,extinguishing fire_train_64_9ltImkuw0Qk_17_10,300
train,extinguishing fire,extinguishing fire_train_65_9MNeOs7g2sU_23_10,240
train,extinguishing fire,extinguishing fire_train_66_9NsEzm54rfw_19_10,250
train,extinguishing fire,extinguishing fire_train_67_9OfwcKz3Ewg_89_10,300
train,extinguishing fire,extinguishing fire_train_68_9OsbbsMczZc_193_10,300
train,extinguishing fire,extinguishing fire_train_69_9yx5u2V1dX0_457_10,238
train,extinguishing fire,extinguishing fire_train_6_-QH9LWNW1lc_0_10,300
train,extinguishing fire,extinguishing fire_train_70_A92EEkk2S8U_5_10,250
train,extinguishing fire,extinguishing fire_train_71_AcEvsUs-nqc_53_10,300
train,extinguishing fire,extinguishing fire_train_72_ADiz5VMgZWI_379_10,300
train,extinguishing fire,extinguishing fire_train_73_AG37ivEungg_349_10,300
train,extinguishing fire,extinguishing fire_train_74_AGzN-0NW_QQ_1_10,221
train,extinguishing fire,extinguishing fire_train_75_AhGtyvopQk4_0_10,180
train,extinguishing fire,extinguishing fire_train_76_AMLxVYV99fA_18_10,300
train,extinguishing fire,extinguishing fire_train_77_APKaiw_QECo_3_10,300
train,extinguishing fire,extinguishing fire_train_78_Azh6cwklErU_133_10,300
train,extinguishing fire,extinguishing fire_train_79_B37_qgcgDSc_16_10,300
train,extinguishing fire,extinguishing fire_train_7_0cGDbQtYXms_90_10,300
train,extinguishing fire,extinguishing fire_train_80_BaGimQXrgVY_28_10,300
train,extinguishing fire,extinguishing fire_train_81_BD3PjKmm4Z4_0_10,262
train,extinguishing fire,extinguishing fire_train_82_BFjprDQ1OUM_301_10,300
train,extinguishing fire,extinguishing fire_train_83_BhUzjlbVrxA_37_10,240
train,extinguishing fire,extinguishing fire_train_84_Bn6oNgJ5OLo_42_10,300
train,extinguishing fire,extinguishing fire_train_85_C5JCc-xyo1A_17_10,150
train,extinguishing fire,extinguishing fire_train_86_CE7b8hlCKGc_28_10,300
train,extinguishing fire,extinguishing fire_train_87_Cg9PWSHL4Vg_58_10,300
train,extinguishing fire,extinguishing fire_train_88_CMl7H_f2inE_49_10,100
train,extinguishing fire,extinguishing fire_train_89_CPRBBUScruc_19_10,300
train,extinguishing fire,extinguishing fire_train_8_0dkAifFydGg_47_10,300
train,extinguishing fire,extinguishing fire_train_90_CRZ4yaogS_o_11_10,240
train,extinguishing fire,extinguishing fire_train_91_DlnLBAn53ZM_28_10,300
train,extinguishing fire,extinguishing fire_train_92_DqA9CnA3jBs_16_10,300
train,extinguishing fire,extinguishing fire_train_93_Ds93IRhkqPw_63_10,250
train,extinguishing fire,extinguishing fire_train_94_DvJnJ4birjc_22_10,240
train,extinguishing fire,extinguishing fire_train_95_E-9ttRuqX-g_9_10,300
train,extinguishing fire,extinguishing fire_train_96_E-cJAad05DM_4_10,300
train,extinguishing fire,extinguishing fire_train_97_EdWsfvexGns_1_10,300
train,extinguishing fire,extinguishing fire_train_98_EgudUqZnAF4_75_10,300
train,extinguishing fire,extinguishing fire_train_99_EHS9nzV7Lq4_6_10,300
train,extinguishing fire,extinguishing fire_train_9_0eh36Ku_jVs_409_10,300
train,parkour,parkour_train_0_-8M2_yCnG6M_20_10,271
train,parkour,parkour_train_100_7qa7I1rXH7k_0_10,250
train,parkour,parkour_train_10_-xJbIbn7uJ8_57_10,240
train,parkour,parkour_train_11_-xYfNuFvAyI_143_10,300
train,parkour,parkour_train_12_-YE-qWhRlc0_72_10,240
train,parkour,parkour_train_13_-zGEkdrMo2Q_16_10,240
train,parkour,parkour_train_14_06bQIwjiRlc_0_10,300
train,parkour,parkour_train_15_06lhKGvkMwA_0_10,54
train,parkour,parkour_train_16_07zkHLVSmGU_138_10,300
train,parkour,parkour_train_17_08m7lq3RW0s_37_10,295
train,parkour,parkour_train_18_08w3qiD5WJs_42_10,260
train,parkour,parkour_train_19_09E1c9iUVhM_10_10,300
train,parkour,parkour_train_1_-8yKIjpD0aM_121_10,250
train,parkour,parkour_train_20_0D4Z6PXIjeA_15_10,154
train,parkour,parkour_train_21_0fhi6dUtgfw_0_10,300
train,parkour,parkour_train_22_0FLwpqphBAo_0_10,77
train,parkour,parkour_train_23_0KRBoxyYp80_32_10,240
train,parkour,parkour_train_24_0siIn7rseHY_0_10,90
train,parkour,parkour_train_25_0t7dUcSKsMw_66_10,240
train,parkour,parkour_train_26_0wclJO8mV-M_11_10,300
train,parkour,parkour_train_27_113alpZldjE_13_10,300
train,parkour,parkour_train_28_1FkJ84xxqi8_0_10,92
train,parkour,parkour_train_29_1GaiCROPYZU_31_10,300
train,parkour,parkour_train_2_-9dPwyABzFQ_156_10,300
train,parkour,parkour_train_30_1KxVx7NaAh0_0_10,300
train,parkour,parkour_train_31_1ky-9VWbcoo_28_10,300
train,parkour,parkour_train_32_1Sl2m2_pJNE_68_10,250
train,parkour,parkour_train_33_1wVVZC3p0is_0_10,78
train,parkour,parkour_train_34_1ZPU2ysFfOQ_0_10,204
train,parkour,parkour_train_35_26Wbz834ylI_0_10,175
train,parkour,parkour_train_36_27VskbNs6W8_0_10,300
train,parkour,parkour_train_37_2AbYKPRaUB0_2_10,300
train,parkour,parkour_train_38_2EI7nlBAZTU_3_10,300
train,parkour,parkour_train_39_2iPTBPgZa-U_6_10,235
train,parkour,parkour_train_3_-am30JbupO8_17_10,91
train,parkour,parkour_train_40_2LBe3JZ40kQ_6_10,294
train,parkour,parkour_train_41_2nHu9CoyDLk_11_10,250
train,parkour,parkour_train_42_2oIr7hTDUwE_99_10,250
train,parkour,parkour_train_43_2qfD5trYBNA_44_10,300
train,parkour,parkour_train_44_2QPSzGhxces_12_10,250
train,parkour,parkour_train_45_2Shol585HZQ_27_10,204
train,parkour,parkour_train_46_2SYOpwwng2k_75_10,300
train,parkour,parkour_train_47_2u36Thcm46M_0_10,185
train,parkour,parkour_train_48_2UWFF6qkj2E_0_10,133
train,parkour,parkour_train_49_30wEtnEKkqk_99_10,300
train,parkour,parkour_train_4_-HJUghxT5Aw_0_10,271
train,parkour,parkour_train_50_3BbcVh6K-OA_0_10,106
train,parkour,parkour_train_51_3BrKOXk_f8g_2_10,144
train,parkour,parkour_train_52_3BUsBgMrZLE_12_10,300
train,parkour,parkour_train_53_3k9Lm4Qoa9M_24_10,300
train,parkour,parkour_train_54_3KulMKWfFXo_50_10,300
train,parkour,parkour_train_55_3PAOHC1ERbc_37_10,240
train,parkour,parkour_train_56_3q1Ga1HT_sQ_4_10,212
train,parkour,parkour_train_57_3zLuptED4q4_0_10,59
train,parkour,parkour_train_58_40RYFdhtR9Y_0_10,276
train,parkour,parkour_train_59_46HwrX-Ppt0_0_10,274
train,parkour,parkour_train_5_-lsmLxP1FKE_53_10,300
train,parkour,parkour_train_60_48HU9GvJNFo_5_10,240
train,parkour,parkour_train_61_4Go-SSS76cI_13_10,120
train,parkour,parkour_train_62_4Jjbv6iwTOY_7_10,290
train,parkour,parkour_train_63_4NhLRmOqEvs_21_10,300
train,parkour,parkour_train_64_4TgTV27mFUg_24_10,300
train,parkour,parkour_train_65_4va-cnUt-LY_0_10,300
train,parkour,parkour_train_66_4_k4lycN_bA_154_10,300
train,parkour,parkour_train_67_53mTRflwO9Y_34_10,250
train,parkour,parkour_train_68_5eltlkSoYMg_3_10,191
train,parkour,parkour_train_69_5f-LeMeerzM_5_10,300
train,parkour,parkour_train_6_-O6G6JuVXVA_122_10,250
train,parkour,parkour_train_70_5H8tLz5Qv6o_55_10,300
train,parkour,parkour_train_71_5jzLalRstQE_56_10,300
train,parkour,parkour_train_72_5KLYXDoSD0M_83_10,250
train,parkour,parkour_train_73_5LHjK7cxdMY_40_10,300
train,parkour,parkour_train_74_5OW9YopRXf8_18_10,278
train,parkour,parkour_train_75_5rfVts5THOQ_22_10,150
train,parkour,parkour_train_76_5Rgy-ZLHXjQ_0_10,115
train,parkour,parkour_train_77_5unu_IlrT7E_77_10,200
train,parkour,parkour_train_78_5wcgiFnLMdc_1_10,300
train,parkour,parkour_train_79_5XSmqwFSRkk_121_10,300
train,parkour,parkour_train_7_-OLJniOW9GA_15_10,300
train,parkour,parkour_train_80_62QJHVrUDUM_5_10,149
train,parkour,parkour_train_81_69kHj6qGzBg_159_10,254
train,parkour,parkour_train_82_6cp7d9J6c0k_8_10,300
train,parkour,parkour_train_83_6H91olUHUgQ_10_10,300
train,parkour,parkour_train_84_6KVGxe1VY9A_0_10,62
train,parkour,parkour_train_85_6Kx46Z8vlnI_154_10,300
train,parkour,parkour_train_86_6M1fd4OI6pU_311_10,300
train,parkour,parkour_train_87_6o_-tJCfmE4_3_10,300
train,parkour,parkour_train_88_6QK9aiC-h4s_27_10,82
train,parkour,parkour_train_89_6UyZzboWUNE_13_10,250
train,parkour,parkour_train_8_-RWZhpmRW5E_0_10,120
train,parkour,parkour_train_90_6VWyeR8aVdc_38_10,295
train,parkour,parkour_train_91_6_qPWdrbj2U_20_10,285
train,parkour,parkour_train_92_7A2DxOniZW0_51_10,250
train,parkour,parkour_train_93_7C9oCnNNWWw_49_10,300
train,parkour,parkour_train_94_7DH5XxSYDbA_0_10,111
train,parkour,parkour_train_95_7IhLRIdiifw_1_10,157
train,parkour,parkour_train_96_7kVMKAYGacU_78_10,300
train,parkour,parkour_train_97_7LrRAqhsfdc_1_10,289
train,parkour,parkour_train_98_7pBXxNIAzV0_5_10,300
train,parkour,parkour_train_99_7pN_GGaXM1s_55_10,70
train,parkour,parkour_train_9_-U7SMf5zHi0_0_10,299
train,squat,squat_train_0_-4FLl7iMGPY_64_10,300
train,squat,squat_train_100_6Q_JC0ol2QM_51_10,300
train,squat,squat_train_10_-OVPE4pVoO8_10_10,300
train,squat,squat_train_11_-pcbipwr64U_21_10,294
train,squat,squat_train_12_-RaSdJaGdYA_87_10,300
train,squat,squat_train_13_-RZi4AW5c6Y_24_10,196
train,squat,squat_train_14_-RZLc-cSdng_16_10,208
train,squat,squat_train_15_-u3Ri_EWqf0_63_10,300
train,squat,squat_train_16_-YRNnILulyI_53_10,152
train,squat,squat_train_17_01QdtRZKXc4_65_10,267
train,squat,squat_train_18_070Bwwkaxo8_50_10,300
train,squat,squat_train_19_070Luq2Vqo0_17_10,100
train,squat,squat_train_1_-5FBGZLKJIk_8_10,300
train,squat,squat_train_20_0cAyBAWc8lI_2_10,77
train,squat,squat_train_21_0fdlHxqKBOU_53_10,290
train,squat,squat_train_22_0GJFCtC2GrI_4_10,300
train,squat,squat_train_23_0gtuO--nBy4_8_10,299
train,squat,squat_train_24_0KRaD_oIdGs_2_10,272
train,squat,squat_train_25_0KRXQVhHZqY_57_10,150
train,squat,squat_train_26_0NGOQJ3cBf4_279_10,300
train,squat,squat_train_27_0pf4tHm9U9A_59_10,300
train,squat,squat_train_28_0rj8iR_wtmg_1_10,70
train,squat,squat_train_29_0rkFgrmFan8_14_10,150
train,squat,squat_train_2_-5FkRTrnSfE_14_10,300
train,squat,squat_train_30_0shXloE0Tkw_14_10,300
train,squat,squat_train_31_0XG3JKbgzsY_79_10,240
train,squat,squat_train_32_0XNoBLQlxTU_504_10,250
train,squat,squat_train_33_10ZO-uQcr44_8_10,298
train,squat,squat_train_34_1HmMlqexEM8_39_10,273
train,squat,squat_train_35_1ikPxl8Kiqc_13_10,300
train,squat,squat_train_36_1kUPwJolXt4_26_10,240
train,squat,squat_train_37_1MOQ7MS0zgk_66_10,300
train,squat,squat_train_38_1o6fXy-0uUE_116_10,300
train,squat,squat_train_39_1tUWlXqXGHM_3_10,300
train,squat,squat_train_3_-c9pjgSfKLE_39_10,295
train,squat,squat_train_40_1UDv-kWIpbk_18_10,300
train,squat,squat_train_41_1VKGrDyLwk0_19_10,250
train,squat,squat_train_42_1vnGNr5Xy2g_5_10,299
train,squat,squat_train_43_1yWB6ALkFTA_1_10,70
train,squat,squat_train_44_1_sdGdLDYKg_3_10,250
train,squat,squat_train_45_24m7BXNvD5I_0_10,150
train,squat,squat_train_46_24m_llrXQ6Q_1_10,300
train,squat,squat_train_47_2FD_ykeSgkY_14_10,300
train,squat,squat_train_48_2GJMrfFCUtM_43_10,300
train,squat,squat_train_49_2gy0I3ND5Jc_24_10,279
train,squat,squat_train_4_-cHfxAxBqo4_0_10,252
train,squat,squat_train_50_2qN_X0TpTNs_3_10,42
train,squat,squat_train_51_2tK-xeJ3NlY_43_10,300
train,squat,squat_train_52_2tLYisuitR0_9_10,300
train,squat,squat_train_53_34y5ptQyIZQ_0_10,300
train,squat,squat_train_54_36f6L1ZEIsU_0_10,300
train,squat,squat_train_55_36hKIWoqaVo_7_10,300
train,squat,squat_train_56_36iG2cmkAdg_17_10,156
train,squat,squat_train_57_3aDkBDr3FHg_13_10,161
train,squat,squat_train_58_3cwWDW2PvzY_4_10,200
train,squat,squat_train_59_3dmQ38VHKP4_2_10,300
train,squat,squat_train_5_-FbWAfBA60A_9_10,300
train,squat,squat_train_60_3iUj5rHybUM_27_10,297
train,squat,squat_train_61_3UrQPeZHHsk_13_10,250
train,squat,squat_train_62_3UrUhMuWwfY_32_10,300
train,squat,squat_train_63_3Z5RUDfWamM_37_10,263
train,squat,squat_train_64_3_CBZ-dtfNQ_1_10,252
train,squat,squat_train_65_3_EvaENFaXI_2_10,250
train,squat,squat_train_66_40G3Lww9n00_10_10,300
train,squat,squat_train_67_40G_yVdDq0Q_282_10,300
train,squat,squat_train_68_41cDErGrh3U_18_10,300
train,squat,squat_train_69_41cGmeUhNHQ_10_10,300
train,squat,squat_train_6_-FcDTJzptes_0_10,300
train,squat,squat_train_70_41cGS3WbMHI_16_10,175
train,squat,squat_train_71_44n2nwEc-UY_160_10,300
train,squat,squat_train_72_4k4XQca5bfo_14_10,300
train,squat,squat_train_73_4M023gyftN8_4_10,130
train,squat,squat_train_74_4MKpXcPA0rs_0_10,281
train,squat,squat_train_75_4OBvQnHz5R0_83_10,230
train,squat,squat_train_76_4TanrR9F0pw_2_10,300
train,squat,squat_train_77_4tTSlkbLDVw_123_10,240
train,squat,squat_train_78_4vfGx4fEdZ0_20_10,200
train,squat,squat_train_79_4YmyQ0Qq3HY_28_10,300
train,squat,squat_train_7_-KJQB9sHOao_22_10,300
train,squat,squat_train_80_535s5bf9VVM_4_10,171
train,squat,squat_train_81_56t4BOkrqm4_6_10,300
train,squat,squat_train_82_56tZWxMmT5I_42_10,300
train,squat,squat_train_83_56u5kFyNV_I_0_10,300
train,squat,squat_train_84_5FjcoWMAz1U_16_10,299
train,squat,squat_train_85_5Fjea5tUz90_20_10,177
train,squat,squat_train_86_5un4vn9gHEU_8_10,172
train,squat,squat_train_87_5unRMP6NqoU_25_10,140
train,squat,squat_train_88_5VThvwp9sy0_44_10,265
train,squat,squat_train_89_5__lyorjsBQ_15_10,178
train,squat,squat_train_8_-Lk5jrlljxA_7_10,210
train,squat,squat_train_90_603q1dwfi7w_2_10,250
train,squat,squat_train_91_60CjNbsM2Jk_1_10,300
train,squat,squat_train_92_61oPIzLK5LI_7_10,300
train,squat,squat_train_93_62VFZxXLEH4_11_10,300
train,squat,squat_train_94_67_-1ZFJFag_17_10,300
train,squat,squat_train_95_67_z9CMbwFc_15_10,187
train,squat,squat_train_96_6E4Fqn9JA6k_70_10,300
train,squat,squat_train_97_6gqwVodJh60_51_10,300
train,squat,squat_train_98_6H3DCcS3s94_12_10,300
train,squat,squat_train_99_6OtKhMqNhyQ_36_10,300
train,squat,squat_train_9_-LlOyAxoTI8_25_10,300
test,cleaning windows,cleaning windows_test_0_-7MqfSPKj6c_2_10,300
test,cleaning windows,cleaning windows_test_10_4Rvu1nCCoSM_3_10,300
test,cleaning windows,cleaning windows_test_11_5iBC0MPqZRU_57_10,250
test,cleaning windows,cleaning windows_test_12_8svmDYC5onc_54_10,284
test,cleaning windows,cleaning windows_test_13_9Cp3wgDE3e4_30_10,300
test,cleaning windows,cleaning windows_test_14_a9Ng_skf2AQ_19_10,300
test,cleaning windows,cleaning windows_test_15_Allv25EBk1Y_2_10,146
test,cleaning windows,cleaning windows_test_16_BojlQPpOpSM_4_10,150
test,cleaning windows,cleaning windows_test_17_CuGnkdXv7b0_2_10,150
test,cleaning windows,cleaning windows_test_18_Cwet9Y-OFks_205_10,231
test,cleaning windows,cleaning windows_test_19_D1unpYaRc9o_162_10,300
test,cleaning windows,cleaning windows_test_1_0cCw3mZ0pf0_21_10,300
test,cleaning windows,cleaning windows_test_20_D3Oz-FT2ztI_3_10,300
test,cleaning windows,cleaning windows_test_2_0JVGskmaJRE_3_10,300
test,cleaning windows,cleaning windows_test_3_12OwZCQDtow_158_10,250
test,cleaning windows,cleaning windows_test_4_1C455Fyvikc_28_10,150
test,cleaning windows,cleaning windows_test_5_1ocZj8gr2_o_80_10,300
test,cleaning windows,cleaning windows_test_6_2dhsudoESOg_2_10,300
test,cleaning windows,cleaning windows_test_7_2rt9rBhSg-o_11_10,300
test,cleaning windows,cleaning windows_test_8_2TdMpAmdees_7_10,300
test,cleaning windows,cleaning windows_test_9_4QJUg2i_oYA_4_10,300
test,extinguishing fire,extinguishing fire_test_0_0yQLIlIetDM_94_10,200
test,extinguishing fire,extinguishing fire_test_10_6ssFOpp-ky4_12_10,250
test,extinguishing fire,extinguishing fire_test_11_899L01mlb-w_147_10,300
test,extinguishing fire,extinguishing fire_test_12_8Gt4pD3Tmh0_0_10,250
test,extinguishing fire,extinguishing fire_test_13_8XMTALBYRNA_26_10,250
test,extinguishing fire,extinguishing fire_test_14_9-pVMPFcxLM_68_10,300
test,extinguishing fire,extinguishing fire_test_15_B-3fOQjARAY_287_10,300
test,extinguishing fire,extinguishing fire_test_16_B4GqHhJtSXI_1_10,300
test,extinguishing fire,extinguishing fire_test_17_cCTyOwLqzBE_26_10,300
test,extinguishing fire,extinguishing fire_test_18_CgdCJE5-RIQ_32_10,240
test,extinguishing fire,extinguishing fire_test_19_cprwxX4ik2Y_55_10,240
test,extinguishing fire,extinguishing fire_test_1_1cKSPi_G3aw_31_10,150
test,extinguishing fire,extinguishing fire_test_20_cPukg-C8Mlw_0_10,186
test,extinguishing fire,extinguishing fire_test_2_1g-04CIRCKo_354_10,170
test,extinguishing fire,extinguishing fire_test_3_1HYyqWrcyvw_48_10,300
test,extinguishing fire,extinguishing fire_test_4_2f99TtjfSKc_0_10,162
test,extinguishing fire,extinguishing fire_test_5_2KlBr7LOoPs_15_10,300
test,extinguishing fire,extinguishing fire_test_6_3oo1LN01InE_53_10,150
test,extinguishing fire,extinguishing fire_test_7_4d5kU6a1PkU_101_10,300
test,extinguishing fire,extinguishing fire_test_8_5ijKJ2ppbV8_67_10,144
test,extinguishing fire,extinguishing fire_test_9_5wloITL_6HQ_51_10,250
test,parkour,parkour_test_0_0ddLglJNiGs_1_10,300
test,parkour,parkour_test_10_6GHPn9E0kSo_23_10,274
test,parkour,parkour_test_11_7aQAae37140_13_10,300
test,parkour,parkour_test_12_7udir--Fimk_0_10,65
test,parkour,parkour_test_13_8i55C2N_BYU_1_10,300
test,parkour,parkour_test_14_8kpWs1zGkK0_122_10,300
test,parkour,parkour_test_15_8wSY93OTpxI_27_10,233
test,parkour,parkour_test_16_9cccNGmq-Ho_11_10,134
test,parkour,parkour_test_17_9W0qYgqavB4_16_10,86
test,parkour,parkour_test_18_bn9zaSb7egg_300_10,300
test,parkour,parkour_test_19_cvXQddMiuOk_85_10,300
test,parkour,parkour_test_1_0dN_4oIW9Zk_1_10,139
test,parkour,parkour_test_20_d9RazbNk8s0_4_10,176
test,parkour,parkour_test_2_14I0TkuVDoI_18_10,90
test,parkour,parkour_test_3_1JFAWaU_Wr0_0_10,244
test,parkour,parkour_test_4_1VKNAuQ-M6c_87_10,300
test,parkour,parkour_test_5_2p_e9WwbMwA_3_10,160
test,parkour,parkour_test_6_3PJpppSVClw_2_10,240
test,parkour,parkour_test_7_4RC7_yG_jIc_45_10,300
test,parkour,parkour_test_8_53nIHO1qGQk_10_10,250
test,parkour,parkour_test_9_5O1uXkpFllk_5_10,179
test,squat,squat_test_0_-5xauLfWsto_30_10,300
test,squat,squat_test_10_aKJ7l4Jpnjk_19_10,110
test,squat,squat_test_11_Alue27lnSLQ_19_10,300
test,squat,squat_test_12_ApgPpGcwYBU_1_10,100
test,squat,squat_test_13_B85tFrpBakQ_44_10,150
test,squat,squat_test_14_BMCFFYvDzdY_29_10,300
test,squat,squat_test_15_BsazicGxz1c_4_10,300
test,squat,squat_test_16_bWK1eSnBpWc_47_10,296
test,squat,squat_test_17_BxMYwvCfiv0_25_10,158
test,squat,squat_test_18_c2A6a38RUCs_83_10,300
test,squat,squat_test_19_cX9DRwQy7Lw_34_10,300
test,squat,squat_test_1_0Mv5X23Wp6c_11_10,300
test,squat,squat_test_20_d0xW9U6Mlxc_3_10,150
test,squat,squat_test_2_0T36Sfsdg8M_0_10,76
test,squat,squat_test_3_1JFu6SZvFJM_31_10,300
test,squat,squat_test_4_5ZdLVW0AQsw_1_10,300
test,squat,squat_test_5_67jnVCTOcF4_0_10,300
test,squat,squat_test_6_7vefSlXEwJY_2_10,300
test,squat,squat_test_7_7w5E2CGKrs8_13_10,220
test,squat,squat_test_8_A7bOLpYpxc8_76_10,300
test,squat,squat_test_9_A9nSNSKnSIs_28_10,240
